{
  "version": "1.0",
  "created_at": "2025-09-23T01:27:52.233054",
  "total_crimes": 202,
  "total_articles": 183,
  "total_relations": 23561,
  "data_hash": "-6310764364758977710",
  "extraction_summary": {
    "most_frequent_crimes": [
      [
        "[走私、贩卖、运输、制造]毒品",
        2171
      ],
      [
        "受贿",
        1211
      ],
      [
        "盗窃",
        1108
      ],
      [
        "抢劫",
        796
      ],
      [
        "贪污",
        596
      ],
      [
        "故意伤害",
        595
      ],
      [
        "行贿",
        433
      ],
      [
        "诈骗",
        363
      ],
      [
        "信用卡诈骗",
        348
      ],
      [
        "虚开增值税专用发票、用于骗取出口退税、抵扣税款发票",
        335
      ]
    ],
    "most_referenced_articles": [
      [
        "347",
        1788
      ],
      [
        "264",
        1142
      ],
      [
        "383",
        876
      ],
      [
        "234",
        593
      ],
      [
        "280",
        593
      ],
      [
        "263",
        505
      ],
      [
        "133",
        489
      ],
      [
        "385",
        434
      ],
      [
        "363",
        425
      ],
      [
        "345",
        423
      ]
    ],
    "avg_articles_per_crime": 116.63861386138613,
    "avg_crimes_per_article": 128.7486338797814
  },
  "file_size_bytes": 28057
}