{
  "metadata": {
    "generated_at": "2025-09-20T04:35:55.553244",
    "evaluation_duration": 45.891046,
    "total_queries": 92
  },
  "summary": {
    "overall_score": 0.29732,
    "key_metrics": {
      "semantic_accuracy": 0.2,
      "case_coverage_rate_mean": 0.4313,
      "consistency_recall_mean": 0.3813,
      "precision@5_mean": 0.2,
      "average_precision_mean": 0.274
    },
    "strengths": [],
    "weaknesses": [
      "semantic_accuracy: 20.00%",
      "case_coverage_rate_mean: 43.12%",
      "consistency_recall_mean: 38.12%",
      "precision@5_mean: 20.00%",
      "average_precision_mean: 27.40%"
    ],
    "recommendations": [
      "整体性能需要显著改进",
      "需要提高精确率，考虑优化排序算法或加强相关性判断",
      "罪名搜索的法条-案例一致性较低，需要优化语义理解模型"
    ]
  },
  "metrics": {
    "by_type": {
      "article_to_cases": {
        "precision@1_mean": 0.2,
        "precision@1_std": 0.40000000000000013,
        "precision@1_min": 0.0,
        "precision@1_max": 1.0,
        "recall@1_mean": 0.15277777777777776,
        "recall@1_std": 0.3402636051470306,
        "recall@1_min": 0.0,
        "recall@1_max": 1.0,
        "f1@1_mean": 0.16333333333333336,
        "f1@1_std": 0.3468749374374318,
        "f1@1_min": 0.0,
        "f1@1_max": 1.0,
        "hit@1_mean": 0.2,
        "hit@1_std": 0.40000000000000013,
        "hit@1_min": 0.0,
        "hit@1_max": 1.0,
        "ndcg@1_mean": 0.4043253653118351,
        "ndcg@1_std": 0.49533053847914205,
        "ndcg@1_min": 0.0,
        "ndcg@1_max": 1.0549509777509438,
        "precision@3_mean": 0.15555555555555553,
        "precision@3_std": 0.26851213274654606,
        "precision@3_min": 0.0,
        "precision@3_max": 1.0,
        "recall@3_mean": 0.2916666666666667,
        "recall@3_std": 0.4285796956874597,
        "recall@3_min": 0.0,
        "recall@3_max": 1.0,
        "f1@3_mean": 0.18857142857142856,
        "f1@3_std": 0.28797675643165715,
        "f1@3_min": 0.0,
        "f1@3_max": 1.0,
        "hit@3_mean": 0.3333333333333333,
        "hit@3_std": 0.4714045207910317,
        "hit@3_min": 0.0,
        "hit@3_max": 1.0,
        "ndcg@3_mean": 0.6950963861387283,
        "ndcg@3_std": 0.9018853509609382,
        "ndcg@3_min": 0.0,
        "ndcg@3_max": 2.1889880474066126,
        "precision@5_mean": 0.13333333333333333,
        "precision@5_std": 0.20221001184137471,
        "precision@5_min": 0.0,
        "precision@5_max": 0.8,
        "recall@5_mean": 0.4,
        "recall@5_std": 0.4898979485566357,
        "recall@5_min": 0.0,
        "recall@5_max": 1.0,
        "f1@5_mean": 0.18955026455026455,
        "f1@5_std": 0.2602635835437052,
        "f1@5_min": 0.0,
        "f1@5_max": 0.888888888888889,
        "hit@5_mean": 0.4,
        "hit@5_std": 0.4898979485566357,
        "hit@5_min": 0.0,
        "hit@5_max": 1.0,
        "ndcg@5_mean": 0.9471070884185963,
        "ndcg@5_std": 1.2366998783466403,
        "ndcg@5_min": 0.0,
        "ndcg@5_max": 3.0071673916125947,
        "precision@10_mean": 0.13333333333333333,
        "precision@10_std": 0.20221001184137471,
        "precision@10_min": 0.0,
        "precision@10_max": 0.8,
        "recall@10_mean": 0.4,
        "recall@10_std": 0.4898979485566357,
        "recall@10_min": 0.0,
        "recall@10_max": 1.0,
        "f1@10_mean": 0.18955026455026455,
        "f1@10_std": 0.2602635835437052,
        "f1@10_min": 0.0,
        "f1@10_max": 0.888888888888889,
        "hit@10_mean": 0.4,
        "hit@10_std": 0.4898979485566357,
        "hit@10_min": 0.0,
        "hit@10_max": 1.0,
        "ndcg@10_mean": 0.9471070884185963,
        "ndcg@10_std": 1.2366998783466403,
        "ndcg@10_min": 0.0,
        "ndcg@10_max": 3.0071673916125947,
        "precision@20_mean": 0.13333333333333333,
        "precision@20_std": 0.20221001184137471,
        "precision@20_min": 0.0,
        "precision@20_max": 0.8,
        "recall@20_mean": 0.4,
        "recall@20_std": 0.4898979485566357,
        "recall@20_min": 0.0,
        "recall@20_max": 1.0,
        "f1@20_mean": 0.18955026455026455,
        "f1@20_std": 0.2602635835437052,
        "f1@20_min": 0.0,
        "f1@20_max": 0.888888888888889,
        "hit@20_mean": 0.4,
        "hit@20_std": 0.4898979485566357,
        "hit@20_min": 0.0,
        "hit@20_max": 1.0,
        "ndcg@20_mean": 0.9471070884185963,
        "ndcg@20_std": 1.2366998783466403,
        "ndcg@20_min": 0.0,
        "ndcg@20_max": 3.0071673916125947,
        "average_precision_mean": 0.28138888888888886,
        "average_precision_std": 0.395552141839202,
        "average_precision_min": 0.0,
        "average_precision_max": 1.0,
        "reciprocal_rank_mean": 0.2761111111111111,
        "reciprocal_rank_std": 0.3948202435176773,
        "reciprocal_rank_min": 0.0,
        "reciprocal_rank_max": 1.0,
        "semantic_accuracy": 0.4
      },
      "case_to_articles": {
        "precision@1_mean": 0.26666666666666666,
        "precision@1_std": 0.4422166387140533,
        "precision@1_min": 0.0,
        "precision@1_max": 1.0,
        "recall@1_mean": 0.26666666666666666,
        "recall@1_std": 0.4422166387140533,
        "recall@1_min": 0.0,
        "recall@1_max": 1.0,
        "f1@1_mean": 0.26666666666666666,
        "f1@1_std": 0.4422166387140533,
        "f1@1_min": 0.0,
        "f1@1_max": 1.0,
        "hit@1_mean": 0.26666666666666666,
        "hit@1_std": 0.4422166387140533,
        "hit@1_min": 0.0,
        "hit@1_max": 1.0,
        "ndcg@1_mean": 0.0,
        "ndcg@1_std": 0.0,
        "ndcg@1_min": 0.0,
        "ndcg@1_max": 0.0,
        "precision@3_mean": 0.26666666666666666,
        "precision@3_std": 0.4422166387140533,
        "precision@3_min": 0.0,
        "precision@3_max": 1.0,
        "recall@3_mean": 0.26666666666666666,
        "recall@3_std": 0.4422166387140533,
        "recall@3_min": 0.0,
        "recall@3_max": 1.0,
        "f1@3_mean": 0.26666666666666666,
        "f1@3_std": 0.4422166387140533,
        "f1@3_min": 0.0,
        "f1@3_max": 1.0,
        "hit@3_mean": 0.26666666666666666,
        "hit@3_std": 0.4422166387140533,
        "hit@3_min": 0.0,
        "hit@3_max": 1.0,
        "ndcg@3_mean": 0.0,
        "ndcg@3_std": 0.0,
        "ndcg@3_min": 0.0,
        "ndcg@3_max": 0.0,
        "precision@5_mean": 0.26666666666666666,
        "precision@5_std": 0.4422166387140533,
        "precision@5_min": 0.0,
        "precision@5_max": 1.0,
        "recall@5_mean": 0.26666666666666666,
        "recall@5_std": 0.4422166387140533,
        "recall@5_min": 0.0,
        "recall@5_max": 1.0,
        "f1@5_mean": 0.26666666666666666,
        "f1@5_std": 0.4422166387140533,
        "f1@5_min": 0.0,
        "f1@5_max": 1.0,
        "hit@5_mean": 0.26666666666666666,
        "hit@5_std": 0.4422166387140533,
        "hit@5_min": 0.0,
        "hit@5_max": 1.0,
        "ndcg@5_mean": 0.0,
        "ndcg@5_std": 0.0,
        "ndcg@5_min": 0.0,
        "ndcg@5_max": 0.0,
        "precision@10_mean": 0.26666666666666666,
        "precision@10_std": 0.4422166387140533,
        "precision@10_min": 0.0,
        "precision@10_max": 1.0,
        "recall@10_mean": 0.26666666666666666,
        "recall@10_std": 0.4422166387140533,
        "recall@10_min": 0.0,
        "recall@10_max": 1.0,
        "f1@10_mean": 0.26666666666666666,
        "f1@10_std": 0.4422166387140533,
        "f1@10_min": 0.0,
        "f1@10_max": 1.0,
        "hit@10_mean": 0.26666666666666666,
        "hit@10_std": 0.4422166387140533,
        "hit@10_min": 0.0,
        "hit@10_max": 1.0,
        "ndcg@10_mean": 0.0,
        "ndcg@10_std": 0.0,
        "ndcg@10_min": 0.0,
        "ndcg@10_max": 0.0,
        "precision@20_mean": 0.26666666666666666,
        "precision@20_std": 0.4422166387140533,
        "precision@20_min": 0.0,
        "precision@20_max": 1.0,
        "recall@20_mean": 0.26666666666666666,
        "recall@20_std": 0.4422166387140533,
        "recall@20_min": 0.0,
        "recall@20_max": 1.0,
        "f1@20_mean": 0.26666666666666666,