{
  "metadata": {
    "generated_at": "2025-09-20T04:27:56.749949",
    "evaluation_duration": 28.340668,
    "total_queries": 46
  },
  "summary": {
    "overall_score": 0.32648000000000005,
    "key_metrics": {
      "semantic_accuracy": 0.2333,
      "case_coverage_rate_mean": 0.625,
      "consistency_recall_mean": 0.5094,
      "precision@5_mean": 0.1,
      "average_precision_mean": 0.1647
    },
    "strengths": [],
    "weaknesses": [
      "semantic_accuracy: 23.33%",
      "precision@5_mean: 10.00%",
      "average_precision_mean: 16.47%"
    ],
    "recommendations": [
      "整体性能需要显著改进",
      "需要提高精确率，考虑优化排序算法或加强相关性判断",
      "罪名搜索的法条-案例一致性较低，需要优化语义理解模型"
    ]
  },
  "metrics": {
    "by_type": {
      "article_to_cases": {
        "precision@1_mean": 0.13333333333333333,
        "precision@1_std": 0.339934634239519,
        "precision@1_min": 0.0,
        "precision@1_max": 1.0,
        "recall@1_mean": 0.13333333333333333,
        "recall@1_std": 0.339934634239519,
        "recall@1_min": 0.0,
        "recall@1_max": 1.0,
        "f1@1_mean": 0.13333333333333333,
        "f1@1_std": 0.339934634239519,
        "f1@1_min": 0.0,
        "f1@1_max": 1.0,
        "hit@1_mean": 0.13333333333333333,
        "hit@1_std": 0.339934634239519,
        "hit@1_min": 0.0,
        "hit@1_max": 1.0,
        "ndcg@1_mean": 0.4744548397987168,
        "ndcg@1_std": 0.5074304714567076,
        "ndcg@1_min": 0.0,
        "ndcg@1_max": 1.0549509777509438,
        "precision@3_mean": 0.1111111111111111,
        "precision@3_std": 0.15713484026367722,
        "precision@3_min": 0.0,
        "precision@3_max": 0.3333333333333333,
        "recall@3_mean": 0.26666666666666666,
        "recall@3_std": 0.4027681991198191,
        "recall@3_min": 0.0,
        "recall@3_max": 1.0,
        "f1@3_mean": 0.15333333333333332,
        "f1@3_std": 0.21868292622475638,
        "f1@3_min": 0.0,
        "f1@3_max": 0.5,
        "hit@3_mean": 0.3333333333333333,
        "hit@3_std": 0.47140452079103173,
        "hit@3_min": 0.0,
        "hit@3_max": 1.0,
        "ndcg@3_mean": 0.833296658481165,
        "ndcg@3_std": 0.9318247479568142,
        "ndcg@3_min": 0.0,
        "ndcg@3_max": 2.1889880474066126,
        "precision@5_mean": 0.13333333333333333,
        "precision@5_std": 0.15776212754932314,
        "precision@5_min": 0.0,
        "precision@5_max": 0.4,
        "recall@5_mean": 0.4666666666666667,
        "recall@5_std": 0.4988876515698588,
        "recall@5_min": 0.0,
        "recall@5_max": 1.0,
        "f1@5_mean": 0.20317460317460323,
        "f1@5_std": 0.23163728694545652,
        "f1@5_min": 0.0,
        "f1@5_max": 0.5714285714285715,
        "hit@5_mean": 0.4666666666666667,
        "hit@5_std": 0.4988876515698588,
        "hit@5_min": 0.0,
        "hit@5_max": 1.0,
        "ndcg@5_mean": 1.1453988902797767,
        "ndcg@5_std": 1.280428403911649,
        "ndcg@5_min": 0.0,
        "ndcg@5_max": 3.0071673916125947,
        "precision@10_mean": 0.13333333333333333,
        "precision@10_std": 0.15776212754932314,
        "precision@10_min": 0.0,
        "precision@10_max": 0.4,
        "recall@10_mean": 0.4666666666666667,
        "recall@10_std": 0.4988876515698588,
        "recall@10_min": 0.0,
        "recall@10_max": 1.0,
        "f1@10_mean": 0.20317460317460323,
        "f1@10_std": 0.23163728694545652,
        "f1@10_min": 0.0,
        "f1@10_max": 0.5714285714285715,
        "hit@10_mean": 0.4666666666666667,
        "hit@10_std": 0.4988876515698588,
        "hit@10_min": 0.0,
        "hit@10_max": 1.0,
        "ndcg@10_mean": 1.1453988902797767,
        "ndcg@10_std": 1.280428403911649,
        "ndcg@10_min": 0.0,
        "ndcg@10_max": 3.0071673916125947,
        "precision@20_mean": 0.13333333333333333,
        "precision@20_std": 0.15776212754932314,
        "precision@20_min": 0.0,
        "precision@20_max": 0.4,
        "recall@20_mean": 0.4666666666666667,
        "recall@20_std": 0.4988876515698588,
        "recall@20_min": 0.0,
        "recall@20_max": 1.0,
        "f1@20_mean": 0.20317460317460323,
        "f1@20_std": 0.23163728694545652,
        "f1@20_min": 0.0,
        "f1@20_max": 0.5714285714285715,
        "hit@20_mean": 0.4666666666666667,
        "hit@20_std": 0.4988876515698588,
        "hit@20_min": 0.0,
        "hit@20_max": 1.0,
        "ndcg@20_mean": 1.1453988902797767,
        "ndcg@20_std": 1.280428403911649,
        "ndcg@20_min": 0.0,
        "ndcg@20_max": 3.0071673916125947,
        "average_precision_mean": 0.2627777777777778,
        "average_precision_std": 0.3448143175395229,
        "average_precision_min": 0.0,
        "average_precision_max": 1.0,
        "reciprocal_rank_mean": 0.25222222222222224,
        "reciprocal_rank_std": 0.3424782592000423,
        "reciprocal_rank_min": 0.0,
        "reciprocal_rank_max": 1.0,
        "semantic_accuracy": 0.4666666666666667
      },
      "case_to_articles": {
        "precision@1_mean": 0.06666666666666667,
        "precision@1_std": 0.24944382578492946,
        "precision@1_min": 0.0,
        "precision@1_max": 1.0,
        "recall@1_mean": 0.06666666666666667,
        "recall@1_std": 0.24944382578492946,
        "recall@1_min": 0.0,
        "recall@1_max": 1.0,
        "f1@1_mean": 0.06666666666666667,
        "f1@1_std": 0.24944382578492946,
        "f1@1_min": 0.0,
        "f1@1_max": 1.0,
        "hit@1_mean": 0.06666666666666667,
        "hit@1_std": 0.24944382578492946,
        "hit@1_min": 0.0,
        "hit@1_max": 1.0,
        "ndcg@1_mean": 0.06666666666666667,
        "ndcg@1_std": 0.24944382578492946,
        "ndcg@1_min": 0.0,
        "ndcg@1_max": 1.0,
        "precision@3_mean": 0.06666666666666667,
        "precision@3_std": 0.24944382578492946,
        "precision@3_min": 0.0,
        "precision@3_max": 1.0,
        "recall@3_mean": 0.06666666666666667,
        "recall@3_std": 0.24944382578492946,
        "recall@3_min": 0.0,
        "recall@3_max": 1.0,
        "f1@3_mean": 0.06666666666666667,
        "f1@3_std": 0.24944382578492946,
        "f1@3_min": 0.0,
        "f1@3_max": 1.0,
        "hit@3_mean": 0.06666666666666667,
        "hit@3_std": 0.24944382578492946,
        "hit@3_min": 0.0,
        "hit@3_max": 1.0,
        "ndcg@3_mean": 0.06666666666666667,
        "ndcg@3_std": 0.24944382578492946,
        "ndcg@3_min": 0.0,
        "ndcg@3_max": 1.0,
        "precision@5_mean": 0.06666666666666667,
        "precision@5_std": 0.24944382578492946,
        "precision@5_min": 0.0,
        "precision@5_max": 1.0,
        "recall@5_mean": 0.06666666666666667,
        "recall@5_std": 0.24944382578492946,
        "recall@5_min": 0.0,
        "recall@5_max": 1.0,
        "f1@5_mean": 0.06666666666666667,
        "f1@5_std": 0.24944382578492946,
        "f1@5_min": 0.0,
        "f1@5_max": 1.0,
        "hit@5_mean": 0.06666666666666667,
        "hit@5_std": 0.24944382578492946,
        "hit@5_min": 0.0,
        "hit@5_max": 1.0,
        "ndcg@5_mean": 0.06666666666666667,
        "ndcg@5_std": 0.24944382578492946,
        "ndcg@5_min": 0.0,
        "ndcg@5_max": 1.0,
        "precision@10_mean": 0.06666666666666667,
        "precision@10_std": 0.24944382578492946,
        "precision@10_min": 0.0,
        "precision@10_max": 1.0,
        "recall@10_mean": 0.06666666666666667,
        "recall@10_std": 0.24944382578492946,
        "recall@10_min": 0.0,
        "recall@10_max": 1.0,
        "f1@10_mean": 0.06666666666666667,
        "f1@10_std": 0.24944382578492946,
        "f1@10_min": 0.0,
        "f1@10_max": 1.0,
        "hit@10_mean": 0.06666666666666667,
        "hit@10_std": 0.24944382578492946,
        "hit@10_min": 0.0,
        "hit@10_max": 1.0,
        "ndcg@10_mean": 0.06666666666666667,
        "ndcg@10_std": 0.24944382578492946,
        "ndcg@10_min": 0.0,
        "ndcg@10_max": 1.0,
        "precision@20_mean": 0.06666666666666667,
        "precision@20_std": 0.24944382578492946,
        "precision@20_min": 0.0,