{
  "metadata": {
    "generated_at": "2025-09-20T03:19:55.734459",
    "evaluation_duration": 100.708878,
    "total_queries": 205
  },
  "summary": {
    "overall_score": 0.45186666666666675,
    "key_metrics": {
      "precision@5_mean": 0.579,
      "recall@5_mean": 0.6812,
      "f1@5_mean": 0.602,
      "average_precision_mean": 0.6379,
      "semantic_accuracy": 0.18,
      "case_coverage_rate_mean": 0.4667,
      "consistency_precision_mean": 0.2,
      "consistency_recall_mean": 0.5333,
      "consistency_jaccard_mean": 0.1867
    },
    "strengths": [],
    "weaknesses": [
      "semantic_accuracy: 18.00%",
      "case_coverage_rate_mean: 46.67%",
      "consistency_precision_mean: 20.00%",
      "consistency_jaccard_mean: 18.67%"
    ],
    "recommendations": [
      "整体性能需要显著改进",
      "罪名搜索的法条-案例一致性较低，需要优化语义理解模型"
    ]
  },
  "metrics": {
    "by_type": {
      "article_to_cases": {
        "precision@1_mean": 0.23,
        "precision@1_std": 0.4208325082500163,
        "precision@1_min": 0.0,
        "precision@1_max": 1.0,
        "recall@1_mean": 0.128,
        "recall@1_std": 0.2846916460546978,
        "recall@1_min": 0.0,
        "recall@1_max": 1.0,
        "f1@1_mean": 0.151,
        "f1@1_std": 0.3054852242289669,
        "f1@1_min": 0.0,
        "f1@1_max": 1.0,
        "hit@1_mean": 0.23,
        "hit@1_std": 0.4208325082500163,
        "hit@1_min": 0.0,
        "hit@1_max": 1.0,
        "ndcg@1_mean": 0.3620019983435618,
        "ndcg@1_std": 0.4827255954256717,
        "ndcg@1_min": 0.0,
        "ndcg@1_max": 1.0549509777509438,
        "precision@3_mean": 0.18,
        "precision@3_std": 0.3033882734128735,
        "precision@3_min": 0.0,
        "precision@3_max": 1.0,
        "recall@3_mean": 0.26483333333333337,
        "recall@3_std": 0.3968969569604237,
        "recall@3_min": 0.0,
        "recall@3_max": 1.0,
        "f1@3_mean": 0.19476190476190475,
        "f1@3_std": 0.2935350265153773,
        "f1@3_min": 0.0,
        "f1@3_max": 1.0,
        "hit@3_mean": 0.33,
        "hit@3_std": 0.47021271782034985,
        "hit@3_min": 0.0,
        "hit@3_max": 1.0,
        "ndcg@3_mean": 0.5669707122125471,
        "ndcg@3_std": 0.813010959354024,
        "ndcg@3_min": 0.0,
        "ndcg@3_max": 2.1889880474066126,
        "precision@5_mean": 0.158,
        "precision@5_std": 0.2687675575660128,
        "precision@5_min": 0.0,
        "precision@5_max": 1.0,
        "recall@5_mean": 0.36,
        "recall@5_std": 0.48,
        "recall@5_min": 0.0,
        "recall@5_max": 1.0,
        "f1@5_mean": 0.20281746031746034,
        "f1@5_std": 0.3074256803551046,
        "f1@5_min": 0.0,
        "f1@5_max": 1.0,
        "hit@5_mean": 0.36,
        "hit@5_std": 0.48,
        "hit@5_min": 0.0,
        "hit@5_max": 1.0,
        "ndcg@5_mean": 0.7540478974091038,
        "ndcg@5_std": 1.1060253323596274,
        "ndcg@5_min": 0.0,
        "ndcg@5_max": 3.0071673916125947,
        "precision@10_mean": 0.158,
        "precision@10_std": 0.2687675575660128,
        "precision@10_min": 0.0,
        "precision@10_max": 1.0,
        "recall@10_mean": 0.36,
        "recall@10_std": 0.48,
        "recall@10_min": 0.0,
        "recall@10_max": 1.0,
        "f1@10_mean": 0.20281746031746034,
        "f1@10_std": 0.3074256803551046,
        "f1@10_min": 0.0,
        "f1@10_max": 1.0,
        "hit@10_mean": 0.36,
        "hit@10_std": 0.48,
        "hit@10_min": 0.0,
        "hit@10_max": 1.0,
        "ndcg@10_mean": 0.7540478974091038,
        "ndcg@10_std": 1.1060253323596274,
        "ndcg@10_min": 0.0,
        "ndcg@10_max": 3.0071673916125947,
        "precision@20_mean": 0.158,
        "precision@20_std": 0.2687675575660128,
        "precision@20_min": 0.0,
        "precision@20_max": 1.0,
        "recall@20_mean": 0.36,
        "recall@20_std": 0.48,
        "recall@20_min": 0.0,
        "recall@20_max": 1.0,
        "f1@20_mean": 0.20281746031746034,
        "f1@20_std": 0.3074256803551046,
        "f1@20_min": 0.0,
        "f1@20_max": 1.0,
        "hit@20_mean": 0.36,
        "hit@20_std": 0.48,
        "hit@20_min": 0.0,
        "hit@20_max": 1.0,
        "ndcg@20_mean": 0.7540478974091038,
        "ndcg@20_std": 1.1060253323596274,
        "ndcg@20_min": 0.0,
        "ndcg@20_max": 3.0071673916125947,
        "average_precision_mean": 0.27334722222222224,
        "average_precision_std": 0.4001603505274596,
        "average_precision_min": 0.0,
        "average_precision_max": 1.0,
        "reciprocal_rank_mean": 0.2831666666666666,
        "reciprocal_rank_std": 0.416489929183301,
        "reciprocal_rank_min": 0.0,
        "reciprocal_rank_max": 1.0,
        "semantic_accuracy": 0.36
      },
      "case_to_articles": {
        "precision@1_mean": 1.0,
        "precision@1_std": 0.0,
        "precision@1_min": 1.0,
        "precision@1_max": 1.0,
        "recall@1_mean": 0.20049999999999998,
        "recall@1_std": 0.004974937185533096,
        "recall@1_min": 0.2,
        "recall@1_max": 0.25,
        "f1@1_mean": 0.3340000000000002,
        "f1@1_std": 0.006633249580710796,
        "f1@1_min": 0.33333333333333337,
        "f1@1_max": 0.4,
        "hit@1_mean": 1.0,
        "hit@1_std": 0.0,
        "hit@1_min": 1.0,
        "hit@1_max": 1.0,
        "ndcg@1_mean": 1.0,
        "ndcg@1_std": 0.0,
        "ndcg@1_min": 1.0,
        "ndcg@1_max": 1.0,
        "precision@3_mean": 1.0,
        "precision@3_std": 0.0,
        "precision@3_min": 1.0,
        "precision@3_max": 1.0,
        "recall@3_mean": 0.6014999999999999,
        "recall@3_std": 0.014924811556599298,
        "recall@3_min": 0.6,
        "recall@3_max": 0.75,
        "f1@3_mean": 0.7510714285714283,
        "f1@3_std": 0.010660579683285222,
        "f1@3_min": 0.7499999999999999,
        "f1@3_max": 0.8571428571428571,
        "hit@3_mean": 1.0,
        "hit@3_std": 0.0,
        "hit@3_min": 1.0,
        "hit@3_max": 1.0,
        "ndcg@3_mean": 0.9999929613917995,
        "ndcg@3_std": 7.003326734248764e-05,
        "ndcg@3_min": 0.9992961391799464,
        "ndcg@3_max": 1.0,
        "precision@5_mean": 1.0,
        "precision@5_std": 0.0,
        "precision@5_min": 1.0,
        "precision@5_max": 1.0,
        "recall@5_mean": 1.0025,
        "recall@5_std": 0.024874685927665497,
        "recall@5_min": 1.0,
        "recall@5_max": 1.25,
        "f1@5_mean": 1.001111111111111,
        "f1@5_std": 0.011055415967851335,
        "f1@5_min": 1.0,
        "f1@5_max": 1.1111111111111112,
        "hit@5_mean": 1.0,
        "hit@5_std": 0.0,
        "hit@5_min": 1.0,
        "hit@5_max": 1.0,
        "ndcg@5_mean": 0.9999964589705018,
        "ndcg@5_std": 3.5232798650707746e-05,
        "ndcg@5_min": 0.9996458970501862,
        "ndcg@5_max": 1.0,
        "precision@10_mean": 1.0,
        "precision@10_std": 0.0,
        "precision@10_min": 1.0,
        "precision@10_max": 1.0,
        "recall@10_mean": 1.0025,
        "recall@10_std": 0.024874685927665497,
        "recall@10_min": 1.0,
        "recall@10_max": 1.25,
        "f1@10_mean": 1.001111111111111,
        "f1@10_std": 0.011055415967851335,
        "f1@10_min": 1.0,
        "f1@10_max": 1.1111111111111112,
        "hit@10_mean": 1.0,
        "hit@10_std": 0.0,
        "hit@10_min": 1.0,
        "hit@10_max": 1.0,
        "ndcg@10_mean": 0.9999964589705018,
        "ndcg@10_std": 3.5232798650707746e-05,
        "ndcg@10_min": 0.9996458970501862,
        "ndcg@10_max": 1.0,
        "precision@20_mean": 1.0,
        "precision@20_std": 0.0,
        "precision@20_min": 1.0,
        "precision@20_max": 1.0,
        "recall@20_mean": 1.0025,
        "recall@20_std": 0.024874685927665497,
        "recall@20_min": 1.0,
        "recall@20_max": 1.25,
        "f1@20_mean": 1.001111111111111,
        "f1@20_std": 0.011055415967851335,
        "f1@20_min": 1.0,
        "f1@20_max": 1.1111111111111112,
        "hit@20_mean": 1.0,
        "hit@20_std": 0.0,
        "hit@20_min": 1.0,
        "hit@20_max": 1.0,