{
  "metadata": {
    "generated_at": "2025-09-20T04:23:45.178621",
    "evaluation_duration": 73.077464,
    "total_queries": 200
  },
  "summary": {
    "overall_score": 0.33232000000000006,
    "key_metrics": {
      "semantic_accuracy": 0.1667,
      "case_coverage_rate_mean": 0.5775,
      "consistency_precision_mean": 0.2275,
      "consistency_recall_mean": 0.5027,
      "consistency_jaccard_mean": 0.1872
    },
    "strengths": [],
    "weaknesses": [
      "semantic_accuracy: 16.67%",
      "consistency_precision_mean: 22.75%",
      "consistency_jaccard_mean: 18.72%"
    ],
    "recommendations": [
      "整体性能需要显著改进",
      "需要提高精确率，考虑优化排序算法或加强相关性判断",
      "罪名搜索的法条-案例一致性较低，需要优化语义理解模型"
    ]
  },
  "metrics": {
    "by_type": {
      "article_to_cases": {
        "precision@1_mean": 0.2,
        "precision@1_std": 0.39999999999999997,
        "precision@1_min": 0.0,
        "precision@1_max": 1.0,
        "recall@1_mean": 0.1113888888888889,
        "recall@1_std": 0.2791105526799084,
        "recall@1_min": 0.0,
        "recall@1_max": 1.0,
        "f1@1_mean": 0.12833333333333333,
        "f1@1_std": 0.2908369149731703,
        "f1@1_min": 0.0,
        "f1@1_max": 1.0,
        "hit@1_mean": 0.2,
        "hit@1_std": 0.39999999999999997,
        "hit@1_min": 0.0,
        "hit@1_max": 1.0,
        "ndcg@1_mean": 0.33585613816684473,
        "ndcg@1_std": 0.4750523181869497,
        "ndcg@1_min": 0.0,
        "ndcg@1_max": 1.0549509777509438,
        "precision@3_mean": 0.1722222222222222,
        "precision@3_std": 0.3132367857557878,
        "precision@3_min": 0.0,
        "precision@3_max": 1.0,
        "recall@3_mean": 0.23833333333333334,
        "recall@3_std": 0.3829019311636975,
        "recall@3_min": 0.0,
        "recall@3_max": 1.0,
        "f1@3_mean": 0.17892857142857144,
        "f1@3_std": 0.2898991878492353,
        "f1@3_min": 0.0,
        "f1@3_max": 1.0,
        "hit@3_mean": 0.3,
        "hit@3_std": 0.458257569495584,
        "hit@3_min": 0.0,
        "hit@3_max": 1.0,
        "ndcg@3_mean": 0.5242025892413087,
        "ndcg@3_std": 0.7987264737570218,
        "ndcg@3_min": 0.0,
        "ndcg@3_max": 2.1889880474066126,
        "precision@5_mean": 0.15666666666666668,
        "precision@5_std": 0.2830586904198884,
        "precision@5_min": 0.0,
        "precision@5_max": 1.0,
        "recall@5_mean": 0.3333333333333333,
        "recall@5_std": 0.4714045207910317,
        "recall@5_min": 0.0,
        "recall@5_max": 1.0,
        "f1@5_mean": 0.19503968253968254,
        "f1@5_std": 0.31508105183267665,
        "f1@5_min": 0.0,
        "f1@5_max": 1.0,
        "hit@5_mean": 0.3333333333333333,
        "hit@5_std": 0.4714045207910317,
        "hit@5_min": 0.0,
        "hit@5_max": 1.0,
        "ndcg@5_mean": 0.6902602623441386,
        "ndcg@5_std": 1.0836076799654641,
        "ndcg@5_min": 0.0,
        "ndcg@5_max": 3.0071673916125947,
        "precision@10_mean": 0.15666666666666668,
        "precision@10_std": 0.2830586904198884,
        "precision@10_min": 0.0,
        "precision@10_max": 1.0,
        "recall@10_mean": 0.3333333333333333,
        "recall@10_std": 0.4714045207910317,
        "recall@10_min": 0.0,
        "recall@10_max": 1.0,
        "f1@10_mean": 0.19503968253968254,
        "f1@10_std": 0.31508105183267665,
        "f1@10_min": 0.0,
        "f1@10_max": 1.0,
        "hit@10_mean": 0.3333333333333333,
        "hit@10_std": 0.4714045207910317,
        "hit@10_min": 0.0,
        "hit@10_max": 1.0,
        "ndcg@10_mean": 0.6902602623441386,
        "ndcg@10_std": 1.0836076799654641,
        "ndcg@10_min": 0.0,
        "ndcg@10_max": 3.0071673916125947,
        "precision@20_mean": 0.15666666666666668,
        "precision@20_std": 0.2830586904198884,
        "precision@20_min": 0.0,
        "precision@20_max": 1.0,
        "recall@20_mean": 0.3333333333333333,
        "recall@20_std": 0.4714045207910317,
        "recall@20_min": 0.0,
        "recall@20_max": 1.0,
        "f1@20_mean": 0.19503968253968254,
        "f1@20_std": 0.31508105183267665,
        "f1@20_min": 0.0,
        "f1@20_max": 1.0,
        "hit@20_mean": 0.3333333333333333,
        "hit@20_std": 0.4714045207910317,
        "hit@20_min": 0.0,
        "hit@20_max": 1.0,
        "ndcg@20_mean": 0.6902602623441386,
        "ndcg@20_std": 1.0836076799654641,
        "ndcg@20_min": 0.0,
        "ndcg@20_max": 3.0071673916125947,
        "average_precision_mean": 0.251875,
        "average_precision_std": 0.3939975155319768,
        "average_precision_min": 0.0,
        "average_precision_max": 1.0,
        "reciprocal_rank_mean": 0.25194444444444447,
        "reciprocal_rank_std": 0.3982495456586032,
        "reciprocal_rank_min": 0.0,
        "reciprocal_rank_max": 1.0,
        "semantic_accuracy": 0.3333333333333333
      },
      "case_to_articles": {
        "precision@1_mean": 0.1,
        "precision@1_std": 0.30000000000000004,
        "precision@1_min": 0.0,
        "precision@1_max": 1.0,
        "recall@1_mean": 0.1,
        "recall@1_std": 0.30000000000000004,
        "recall@1_min": 0.0,
        "recall@1_max": 1.0,
        "f1@1_mean": 0.1,
        "f1@1_std": 0.30000000000000004,
        "f1@1_min": 0.0,
        "f1@1_max": 1.0,
        "hit@1_mean": 0.1,
        "hit@1_std": 0.30000000000000004,
        "hit@1_min": 0.0,
        "hit@1_max": 1.0,
        "ndcg@1_mean": 0.20445512972080088,
        "ndcg@1_std": 0.4092556073291464,
        "ndcg@1_min": 0.0,
        "ndcg@1_max": 1.1036649619572896,
        "precision@3_mean": 0.06666666666666667,
        "precision@3_std": 0.13333333333333336,
        "precision@3_min": 0.0,
        "precision@3_max": 0.3333333333333333,
        "recall@3_mean": 0.18333333333333332,
        "recall@3_std": 0.3760171390892826,
        "recall@3_min": 0.0,
        "recall@3_max": 1.0,
        "f1@3_mean": 0.09666666666666666,
        "f1@3_std": 0.19405039437103844,
        "f1@3_min": 0.0,
        "f1@3_max": 0.5,
        "hit@3_mean": 0.2,
        "hit@3_std": 0.4,
        "hit@3_min": 0.0,
        "hit@3_max": 1.0,
        "ndcg@3_mean": 0.427447430844112,
        "ndcg@3_std": 0.8552047771827062,
        "ndcg@3_min": 0.0,
        "ndcg@3_max": 2.23998827758834,
        "precision@5_mean": 0.06666666666666667,
        "precision@5_std": 0.13333333333333336,
        "precision@5_min": 0.0,
        "precision@5_max": 0.3333333333333333,
        "recall@5_mean": 0.18333333333333332,
        "recall@5_std": 0.3760171390892826,
        "recall@5_min": 0.0,
        "recall@5_max": 1.0,
        "f1@5_mean": 0.09666666666666666,
        "f1@5_std": 0.19405039437103844,
        "f1@5_min": 0.0,
        "f1@5_max": 0.5,
        "hit@5_mean": 0.2,
        "hit@5_std": 0.4,
        "hit@5_min": 0.0,
        "hit@5_max": 1.0,
        "ndcg@5_mean": 0.427447430844112,
        "ndcg@5_std": 0.8552047771827062,
        "ndcg@5_min": 0.0,
        "ndcg@5_max": 2.23998827758834,
        "precision@10_mean": 0.06666666666666667,
        "precision@10_std": 0.13333333333333336,
        "precision@10_min": 0.0,
        "precision@10_max": 0.3333333333333333,
        "recall@10_mean": 0.18333333333333332,
        "recall@10_std": 0.3760171390892826,
        "recall@10_min": 0.0,
        "recall@10_max": 1.0,
        "f1@10_mean": 0.09666666666666666,
        "f1@10_std": 0.19405039437103844,
        "f1@10_min": 0.0,
        "f1@10_max": 0.5,
        "hit@10_mean": 0.2,
        "hit@10_std": 0.4,
        "hit@10_min": 0.0,
        "hit@10_max": 1.0,
        "ndcg@10_mean": 0.427447430844112,
        "ndcg@10_std": 0.8552047771827062,
        "ndcg@10_min": 0.0,
        "ndcg@10_max": 2.23998827758834,
        "precision@20_mean": 0.06666666666666667,
        "precision@20_std": 0.13333333333333336,
        "precision@20_min": 0.0,
        "precision@20_max": 0.3333333333333333,
        "recall@20_mean": 0.18333333333333332,
        "recall@20_std": 0.3760171390892826,
        "recall@20_min": 0.0,