{
  "metadata": {
    "generated_at": "2025-09-28T03:49:11.375330",
    "evaluation_duration": 59.317859,
    "total_queries": 72
  },
  "summary": {
    "overall_score": 0.28172,
    "key_metrics": {
      "semantic_accuracy": 0.25,
      "case_coverage_rate_mean": 0.4625,
      "consistency_recall_mean": 0.376,
      "precision@5_mean": 0.115,
      "average_precision_mean": 0.2051
    },
    "strengths": [],
    "weaknesses": [
      "semantic_accuracy: 25.00%",
      "case_coverage_rate_mean: 46.25%",
      "consistency_recall_mean: 37.60%",
      "precision@5_mean: 11.50%",
      "average_precision_mean: 20.51%"
    ],
    "recommendations": [
      "整体性能需要显著改进",
      "需要提高精确率，考虑优化排序算法或加强相关性判断",
      "罪名搜索的法条-案例一致性较低，需要优化语义理解模型"
    ]
  },
  "metrics": {
    "by_type": {
      "article_to_cases": {
        "precision@1_mean": 0.3,
        "precision@1_std": 0.45825756949558394,
        "precision@1_min": 0.0,
        "precision@1_max": 1.0,
        "recall@1_mean": 0.20166666666666666,
        "recall@1_std": 0.3597028094289939,
        "recall@1_min": 0.0,
        "recall@1_max": 1.0,
        "f1@1_mean": 0.22499999999999995,
        "f1@1_std": 0.3737014554129777,
        "f1@1_min": 0.0,
        "f1@1_max": 1.0,
        "hit@1_mean": 0.3,
        "hit@1_std": 0.45825756949558394,
        "hit@1_min": 0.0,
        "hit@1_max": 1.0,
        "ndcg@1_mean": 0.5032664272329705,
        "ndcg@1_std": 0.503324096358902,
        "ndcg@1_min": 0.0,
        "ndcg@1_max": 1.0334532700844012,
        "precision@3_mean": 0.2,
        "precision@3_std": 0.2666666666666667,
        "precision@3_min": 0.0,
        "precision@3_max": 1.0,
        "recall@3_mean": 0.3633333333333333,
        "recall@3_std": 0.42803167068700776,
        "recall@3_min": 0.0,
        "recall@3_max": 1.0,
        "f1@3_mean": 0.23583333333333334,
        "f1@3_std": 0.2706101644637745,
        "f1@3_min": 0.0,
        "f1@3_max": 0.7499999999999999,
        "hit@3_mean": 0.45,
        "hit@3_std": 0.49749371855331,
        "hit@3_min": 0.0,
        "hit@3_max": 1.0,
        "ndcg@3_mean": 0.8719563606951475,
        "ndcg@3_std": 0.9379963461563768,
        "ndcg@3_min": 0.0,
        "ndcg@3_max": 2.184192340903548,
        "precision@5_mean": 0.18000000000000002,
        "precision@5_std": 0.2521904042583698,
        "precision@5_min": 0.0,
        "precision@5_max": 1.0,
        "recall@5_mean": 0.5,
        "recall@5_std": 0.5,
        "recall@5_min": 0.0,
        "recall@5_max": 1.0,
        "f1@5_mean": 0.24464285714285716,
        "f1@5_std": 0.2902779133981825,
        "f1@5_min": 0.0,
        "f1@5_max": 1.0,
        "hit@5_mean": 0.5,
        "hit@5_std": 0.5,
        "hit@5_min": 0.0,
        "hit@5_max": 1.0,
        "ndcg@5_mean": 1.1823731484768345,
        "ndcg@5_std": 1.292937526045202,
        "ndcg@5_min": 0.0,
        "ndcg@5_max": 3.0062865658635256,
        "precision@10_mean": 0.18000000000000002,
        "precision@10_std": 0.2521904042583698,
        "precision@10_min": 0.0,
        "precision@10_max": 1.0,
        "recall@10_mean": 0.5,
        "recall@10_std": 0.5,
        "recall@10_min": 0.0,
        "recall@10_max": 1.0,
        "f1@10_mean": 0.24464285714285716,
        "f1@10_std": 0.2902779133981825,
        "f1@10_min": 0.0,
        "f1@10_max": 1.0,
        "hit@10_mean": 0.5,
        "hit@10_std": 0.5,
        "hit@10_min": 0.0,
        "hit@10_max": 1.0,
        "ndcg@10_mean": 1.1823731484768345,
        "ndcg@10_std": 1.292937526045202,
        "ndcg@10_min": 0.0,
        "ndcg@10_max": 3.0062865658635256,
        "precision@20_mean": 0.18000000000000002,
        "precision@20_std": 0.2521904042583698,
        "precision@20_min": 0.0,
        "precision@20_max": 1.0,
        "recall@20_mean": 0.5,
        "recall@20_std": 0.5,
        "recall@20_min": 0.0,
        "recall@20_max": 1.0,
        "f1@20_mean": 0.24464285714285716,
        "f1@20_std": 0.2902779133981825,
        "f1@20_min": 0.0,
        "f1@20_max": 1.0,
        "hit@20_mean": 0.5,
        "hit@20_std": 0.5,
        "hit@20_min": 0.0,
        "hit@20_max": 1.0,
        "ndcg@20_mean": 1.1823731484768345,
        "ndcg@20_std": 1.292937526045202,
        "ndcg@20_min": 0.0,
        "ndcg@20_max": 3.0062865658635256,
        "average_precision_mean": 0.3602777777777778,
        "average_precision_std": 0.4082228686561143,
        "average_precision_min": 0.0,
        "average_precision_max": 1.0,
        "reciprocal_rank_mean": 0.385,
        "reciprocal_rank_std": 0.4373499742768942,
        "reciprocal_rank_min": 0.0,
        "reciprocal_rank_max": 1.0,
        "semantic_accuracy": 0.5
      },
      "case_to_articles": {
        "precision@1_mean": 0.05,
        "precision@1_std": 0.21794494717703364,
        "precision@1_min": 0.0,
        "precision@1_max": 1.0,
        "recall@1_mean": 0.05,
        "recall@1_std": 0.21794494717703364,
        "recall@1_min": 0.0,
        "recall@1_max": 1.0,
        "f1@1_mean": 0.05,
        "f1@1_std": 0.21794494717703364,
        "f1@1_min": 0.0,
        "f1@1_max": 1.0,
        "hit@1_mean": 0.05,
        "hit@1_std": 0.21794494717703364,
        "hit@1_min": 0.0,
        "hit@1_max": 1.0,
        "ndcg@1_mean": 0.0,
        "ndcg@1_std": 0.0,
        "ndcg@1_min": 0.0,
        "ndcg@1_max": 0.0,
        "precision@3_mean": 0.05,
        "precision@3_std": 0.21794494717703364,
        "precision@3_min": 0.0,
        "precision@3_max": 1.0,
        "recall@3_mean": 0.05,
        "recall@3_std": 0.21794494717703364,
        "recall@3_min": 0.0,
        "recall@3_max": 1.0,
        "f1@3_mean": 0.05,
        "f1@3_std": 0.21794494717703364,
        "f1@3_min": 0.0,
        "f1@3_max": 1.0,
        "hit@3_mean": 0.05,
        "hit@3_std": 0.21794494717703364,
        "hit@3_min": 0.0,
        "hit@3_max": 1.0,
        "ndcg@3_mean": 0.0,
        "ndcg@3_std": 0.0,
        "ndcg@3_min": 0.0,
        "ndcg@3_max": 0.0,
        "precision@5_mean": 0.05,
        "precision@5_std": 0.21794494717703364,
        "precision@5_min": 0.0,
        "precision@5_max": 1.0,
        "recall@5_mean": 0.05,
        "recall@5_std": 0.21794494717703364,
        "recall@5_min": 0.0,
        "recall@5_max": 1.0,
        "f1@5_mean": 0.05,
        "f1@5_std": 0.21794494717703364,
        "f1@5_min": 0.0,
        "f1@5_max": 1.0,
        "hit@5_mean": 0.05,
        "hit@5_std": 0.21794494717703364,
        "hit@5_min": 0.0,
        "hit@5_max": 1.0,
        "ndcg@5_mean": 0.0,
        "ndcg@5_std": 0.0,
        "ndcg@5_min": 0.0,
        "ndcg@5_max": 0.0,
        "precision@10_mean": 0.05,
        "precision@10_std": 0.21794494717703364,
        "precision@10_min": 0.0,
        "precision@10_max": 1.0,
        "recall@10_mean": 0.05,
        "recall@10_std": 0.21794494717703364,
        "recall@10_min": 0.0,
        "recall@10_max": 1.0,
        "f1@10_mean": 0.05,
        "f1@10_std": 0.21794494717703364,
        "f1@10_min": 0.0,
        "f1@10_max": 1.0,
        "hit@10_mean": 0.05,
        "hit@10_std": 0.21794494717703364,
        "hit@10_min": 0.0,
        "hit@10_max": 1.0,
        "ndcg@10_mean": 0.0,
        "ndcg@10_std": 0.0,
        "ndcg@10_min": 0.0,
        "ndcg@10_max": 0.0,
        "precision@20_mean": 0.05,
        "precision@20_std": 0.21794494717703364,
        "precision@20_min": 0.0,
        "precision@20_max": 1.0,
        "recall@20_mean": 0.05,
        "recall@20_std": 0.21794494717703364,
        "recall@20_min": 0.0,
        "recall@20_max": 1.0,
        "f1@20_mean": 0.05,
        "f1@20_std": 0.21794494717703364,
        "f1@20_min": 0.0,
        "f1@20_max": 1.0,
        "hit@20_mean": 0.05,
        "hit@20_std": 0.21794494717703364,
        "hit@20_min": 0.0,
        "hit@20_max": 1.0,
        "ndcg@20_mean": 0.0,
        "ndcg@20_std": 0.0,
        "ndcg@20_min": 0.0,
        "ndcg@20_max": 0.0,
        "average_precision_mean": 0.05,
        "average_precision_std": 0.21794494717703364,
        "average_precision_min": 0.0,